{"cameraMode":{"drawMode":0,"name":"Shaded","section":"Shading Mode"},"sceneLighting":true,"audioPlay":false,"sceneViewState":{"showFog":true,"showMaterialUpdate":false,"showSkybox":true,"showFlares":true,"showImageEffects":true,"showParticleSystems":true,"showVisualEffectGraphs":true,"m_FxEnabled":true},"in2DMode":false,"pivot":{"x":1.1346312761306763,"y":0.8034744262695313,"z":144.82199096679688},"rotation":{"x":-0.02298579178750515,"y":-0.9433858394622803,"z":0.06691280752420426,"w":-0.32407456636428835},"size":2.4247448444366457,"orthographic":false}