{"cameraMode":{"drawMode":0,"name":"Shaded","section":"Shading Mode"},"sceneLighting":false,"audioPlay":false,"sceneViewState":{"showFog":true,"showMaterialUpdate":false,"showSkybox":false,"showFlares":true,"showImageEffects":true,"showParticleSystems":true,"showVisualEffectGraphs":true,"m_FxEnabled":true},"in2DMode":false,"pivot":{"x":-1.2426011562347413,"y":-0.2460472583770752,"z":-0.5430431365966797},"rotation":{"x":-0.1776152402162552,"y":0.13591443002223969,"z":-0.024774594232439996,"w":-0.9743574857711792},"size":10.516654968261719,"orthographic":false}